{"cameraMode":{"drawMode":0,"name":"Shaded","section":"Shading Mode"},"sceneLighting":false,"audioPlay":false,"sceneViewState":{"m_AlwaysRefresh":false,"showFog":true,"showSkybox":false,"showFlares":true,"showImageEffects":true,"showParticleSystems":true,"showVisualEffectGraphs":true,"m_FxEnabled":true},"in2DMode":false,"pivot":{"x":-1.1740000247955323,"y":0.9583263397216797,"z":1.0759999752044678},"rotation":{"x":-0.008550255559384823,"y":0.9646809697151184,"z":-0.26139339804649355,"w":-0.03155551478266716},"size":0.8660253882408142,"orthographic":false}