{"cameraMode":{"drawMode":0,"name":"Shaded","section":"Shading Mode"},"sceneLighting":true,"audioPlay":false,"sceneViewState":{"m_AlwaysRefresh":false,"showFog":true,"showSkybox":true,"showFlares":true,"showImageEffects":true,"showParticleSystems":true,"showVisualEffectGraphs":true,"m_FxEnabled":true},"in2DMode":false,"pivot":{"x":90.09249877929688,"y":0.26793837547302248,"z":-115.6802749633789},"rotation":{"x":0.1288153976202011,"y":-0.28714653849601748,"z":0.039002031087875369,"w":0.9483847618103027},"size":11.334400177001954,"orthographic":false}